positive,negative
abound,2-faced
abounds,2-faces
abundance,abnormal
abundant,abolish
accessable,abominable
accessible,abominably
acclaim,abominate
acclaimed,abomination
acclamation,abort
accolade,aborted
accolades,aborts
accommodative,abrade
accomodative,abrasive
accomplish,abrupt
accomplished,abruptly
accomplishment,abscond
accomplishments,absence
accurate,absent-minded
accurately,absentee
achievable,absurd
achievement,absurdity
achievements,absurdly
achievible,absurdness
acumen,abuse
adaptable,abused
adaptive,abuses
adequate,abusive
adjustable,abysmal
admirable,abysmally
admirably,abyss
admiration,accidental
admire,accost
admirer,accursed
admiring,accusation
admiringly,accusations
adorable,accuse
adore,accuses
adored,accusing
adorer,accusingly
adoring,acerbate
adoringly,acerbic
adroit,acerbically
adroitly,ache
adulate,ached
adulation,aches
adulatory,achey
advanced,aching
advantage,acrid
advantageous,acridly
advantageously,acridness
advantages,acrimonious
adventuresome,acrimoniously
adventurous,acrimony
advocate,adamant
advocated,adamantly
advocates,addict
affability,addicted
affable,addicting
affably,addicts
affectation,admonish
affection,admonisher
affectionate,admonishingly
affinity,admonishment
affirm,admonition
affirmation,adulterate
affirmative,adulterated
affluence,adulteration
affluent,adulterier
afford,adversarial
affordable,adversary
affordably,adverse
afordable,adversity
agile,afflict
agilely,affliction
agility,afflictive
agreeable,affront
agreeableness,afraid
agreeably,aggravate
all-around,aggravating
alluring,aggravation
alluringly,aggression
altruistic,aggressive
altruistically,aggressiveness
amaze,aggressor
amazed,aggrieve
amazement,aggrieved
amazes,aggrivation
amazing,aghast
amazingly,agonies
ambitious,agonize
ambitiously,agonizing
ameliorate,agonizingly
amenable,agony
amenity,aground
amiability,ail
amiabily,ailing
amiable,ailment
amicability,aimless
amicable,alarm
amicably,alarmed
amity,alarming
ample,alarmingly
amply,alienate
amuse,alienated
amusing,alienation
amusingly,allegation
angel,allegations
angelic,allege
apotheosis,allergic
appeal,allergies
appealing,allergy
applaud,aloof
appreciable,altercation
appreciate,ambiguity
appreciated,ambiguous
appreciates,ambivalence
appreciative,ambivalent
appreciatively,ambush
appropriate,amiss
approval,amputate
approve,anarchism
ardent,anarchist
ardently,anarchistic
ardor,anarchy
articulate,anemic
aspiration,anger
aspirations,angrily
aspire,angriness
assurance,angry
assurances,anguish
assure,animosity
assuredly,annihilate
assuring,annihilation
astonish,annoy
astonished,annoyance
astonishing,annoyances
astonishingly,annoyed
astonishment,annoying
astound,annoyingly
astounded,annoys
astounding,anomalous
astoundingly,anomaly
astutely,antagonism
attentive,antagonist
attraction,antagonistic
attractive,antagonize
attractively,anti-
attune,anti-american
audible,anti-israeli
audibly,anti-occupation
auspicious,anti-proliferation
authentic,anti-semites
authoritative,anti-social
autonomous,anti-us
available,anti-white
aver,antipathy
avid,antiquated
avidly,antithetical
award,anxieties
awarded,anxiety
awards,anxious
awe,anxiously
awed,anxiousness
awesome,apathetic
awesomely,apathetically
awesomeness,apathy
awestruck,apocalypse
awsome,apocalyptic
backbone,apologist
balanced,apologists
bargain,appal
beauteous,appall
beautiful,appalled
beautifullly,appalling
beautifully,appallingly
beautify,apprehension
beauty,apprehensions
beckon,apprehensive
beckoned,apprehensively
beckoning,arbitrary
beckons,arcane
believable,archaic
believeable,arduous
beloved,arduously
benefactor,argumentative
beneficent,arrogance
beneficial,arrogant
beneficially,arrogantly
beneficiary,ashamed
benefit,asinine
benefits,asininely
benevolence,asinininity
benevolent,askance
benifits,asperse
best,aspersion
best-known,aspersions
best-performing,assail
best-selling,assassin
better,assassinate
better-known,assault
better-than-expected,assult
beutifully,astray
blameless,asunder
bless,atrocious
blessing,atrocities
bliss,atrocity
blissful,atrophy
blissfully,attack
blithe,attacks
blockbuster,audacious
bloom,audaciously
blossom,audaciousness
bolster,audacity
bonny,audiciously
bonus,austere
bonuses,authoritarian
boom,autocrat
booming,autocratic
boost,avalanche
boundless,avarice
bountiful,avaricious
brainiest,avariciously
brainy,avenge
brand-new,averse
brave,aversion
bravery,aweful
bravo,awful
breakthrough,awfully
breakthroughs,awfulness
breathlessness,awkward
breathtaking,awkwardness
breathtakingly,ax
breeze,babble
bright,back-logged
brighten,back-wood
brighter,back-woods
brightest,backache
brilliance,backaches
brilliances,backaching
brilliant,backbite
brilliantly,backbiting
brisk,backward
brotherly,backwardness
bullish,backwood
buoyant,backwoods
cajole,bad
calm,badly
calming,baffle
calmness,baffled
capability,bafflement
capable,baffling
capably,bait
captivate,balk
captivating,banal
carefree,banalize
cashback,bane
cashbacks,banish
catchy,banishment
celebrate,bankrupt
celebrated,barbarian
celebration,barbaric
celebratory,barbarically
champ,barbarity
champion,barbarous
charisma,barbarously
charismatic,barren
charitable,baseless
charm,bash
charming,bashed
charmingly,bashful
chaste,bashing
cheaper,bastard
cheapest,bastards
cheer,battered
cheerful,battering
cheery,batty
cherish,bearish
cherished,beastly
cherub,bedlam
chic,bedlamite
chivalrous,befoul
chivalry,beg
civility,beggar
civilize,beggarly
clarity,begging
classic,beguile
classy,belabor
clean,belated
cleaner,beleaguer
cleanest,belie
cleanliness,belittle
cleanly,belittled
clear,belittling
clear-cut,bellicose
cleared,belligerence
clearer,belligerent
clearly,belligerently
clears,bemoan
clever,bemoaning
cleverly,bemused
cohere,bent
coherence,berate
coherent,bereave
cohesive,bereavement
colorful,bereft
comely,berserk
comfort,beseech
comfortable,beset
comfortably,besiege
comforting,besmirch
comfy,bestial
commend,betray
commendable,betrayal
commendably,betrayals
commitment,betrayer
commodious,betraying
compact,betrays
compactly,bewail
compassion,beware
compassionate,bewilder
compatible,bewildered
competitive,bewildering
complement,bewilderingly
complementary,bewilderment
complemented,bewitch
complements,bias
compliant,biased
compliment,biases
complimentary,bicker
comprehensive,bickering
conciliate,bid-rigging
conciliatory,bigotries
concise,bigotry
confidence,bitch
confident,bitchy
congenial,biting
congratulate,bitingly
congratulation,bitter
congratulations,bitterly
congratulatory,bitterness
conscientious,bizarre
considerate,blab
consistent,blabber
consistently,blackmail
constructive,blah
consummate,blame
contentment,blameworthy
continuity,bland
contrasty,blandish
contribution,blaspheme
convenience,blasphemous
convenient,blasphemy
conveniently,blasted
convience,blatant
convienient,blatantly
convient,blather
convincing,bleak
convincingly,bleakly
cool,bleakness
coolest,bleed
cooperative,bleeding
cooperatively,bleeds
cornerstone,blemish
correct,blind
correctly,blinding
cost-effective,blindingly
cost-saving,blindside
counter-attack,blister
counter-attacks,blistering
courage,bloated
courageous,blockage
courageously,blockhead
courageousness,bloodshed
courteous,bloodthirsty
courtly,bloody
covenant,blotchy
cozy,blow
creative,blunder
credence,blundering
credible,blunders
crisp,blunt
crisper,blur
cure,bluring
cure-all,blurred
cushy,blurring
cute,blurry
cuteness,blurs
danke,blurt
danken,boastful
daring,boggle
daringly,bogus
darling,boil
dashing,boiling
dauntless,boisterous
dawn,bomb
dazzle,bombard
dazzled,bombardment
dazzling,bombastic
dead-cheap,bondage
dead-on,bonkers
decency,bore
decent,bored
decisive,boredom
decisiveness,bores
dedicated,boring
okay,botch
not bad,bother
lovey-dovey,bothered
defeats,bothering
defender,bothers
deference,bothersome
deft,bowdlerize
deginified,boycott
delectable,braggart
delicacy,bragger
delicate,brainless
delicious,brainwash
delight,brash
delighted,brashly
delightful,brashness
delightfully,brat
delightfulness,bravado
dependable,brazen
dependably,brazenly
deservedly,brazenness
deserving,breach
desirable,break
desiring,break-up
desirous,break-ups
destiny,breakdown
detachable,breaking
devout,breaks
dexterous,breakup
dexterously,breakups
dextrous,bribery
dignified,brimstone
dignify,bristle
dignity,brittle
diligence,broke
diligent,broken
diligently,broken-hearted
diplomatic,brood
dirt-cheap,browbeat
distinction,bruise
distinctive,bruised
distinguished,bruises
diversified,bruising
divine,brusque
divinely,brutal
dominate,brutalising
dominated,brutalities
dominates,brutality
dote,brutalize
dotingly,brutalizing
doubtless,brutally
dreamland,brute
dumbfounded,brutish
dumbfounding,bs
dummy-proof,buckle
durable,bug
dynamic,bugging
eager,buggy
eagerly,bugs
eagerness,bulkier
earnest,bulkiness
earnestly,bulky
earnestness,bulkyness
ease,bull****
eased,bull----
eases,bullies
easier,bullshit
easiest,bullshyt
easiness,bully
easing,bullying
easy,bullyingly
easy-to-use,bum
easygoing,bump
ebullience,bumped
ebullient,bumping
ebulliently,bumpping
ecenomical,bumps
economical,bumpy
ecstasies,bungle
ecstasy,bungler
ecstatic,bungling
ecstatically,bunk
edify,burden
educated,burdensome
effective,burdensomely
effectively,burn
effectiveness,burned
effectual,burning
efficacious,burns
efficient,bust
efficiently,busts
effortless,busybody
effortlessly,butcher
effusion,butchery
effusive,buzzing
effusively,byzantine
effusiveness,cackle
elan,calamities
elate,calamitous
elated,calamitously
elatedly,calamity
elation,callous
electrify,calumniate
elegance,calumniation
elegant,calumnies
elegantly,calumnious
elevate,calumniously
elite,calumny
eloquence,cancer
eloquent,cancerous
eloquently,cannibal
embolden,cannibalize
eminence,capitulate
eminent,capricious
empathize,capriciously
empathy,capriciousness
empower,capsize
empowerment,careless
enchant,carelessness
enchanted,caricature
enchanting,carnage
enchantingly,carp
encourage,cartoonish
encouragement,cash-strapped
encouraging,castigate
encouragingly,castrated
endear,casualty
endearing,cataclysm
endorse,cataclysmal
endorsed,cataclysmic
endorsement,cataclysmically
endorses,catastrophe
endorsing,catastrophes
energetic,catastrophic
energize,catastrophically
energy-efficient,catastrophies
energy-saving,caustic
engaging,caustically
engrossing,cautionary
enhance,cave
enhanced,censure
enhancement,chafe
enhances,chaff
enjoy,chagrin
enjoyable,challenging
enjoyably,chaos
enjoyed,chaotic
enjoying,chasten
enjoyment,chastise
enjoys,chastisement
enlighten,chatter
enlightenment,chatterbox
enliven,cheap
ennoble,cheapen
enough,cheaply
enrapt,cheat
enrapture,cheated
enraptured,cheater
enrich,cheating
enrichment,cheats
enterprising,checkered
entertain,cheerless
entertaining,cheesy
entertains,chide
enthral,childish
enthrall,chill
enthralled,chilly
enthuse,chintzy
enthusiasm,choke
enthusiast,choleric
enthusiastic,choppy
enthusiastically,chore
entice,chronic
enticed,chunky
enticing,clamor
enticingly,clamorous
entranced,clash
entrancing,cliche
entrust,cliched
enviable,clique
enviably,clog
envious,clogged
enviously,clogs
enviousness,cloud
envy,clouding
equitable,cloudy
ergonomical,clueless
err-free,clumsy
erudite,clunky
ethical,coarse
eulogize,cocky
euphoria,coerce
euphoric,coercion
euphorically,coercive
evaluative,cold
evenly,coldly
eventful,collapse
everlasting,collude
evocative,collusion
exalt,combative
exaltation,combust
exalted,comical
exaltedly,commiserate
exalting,commonplace
exaltingly,commotion
examplar,commotions
examplary,complacent
excallent,complain
exceed,complained
exceeded,complaining
exceeding,complains
exceedingly,complaint
exceeds,complaints
excel,complex
exceled,complicated
excelent,complication
excellant,complicit
excelled,compulsion
excellence,compulsive
excellency,concede
excellent,conceded
excellently,conceit
excels,conceited
exceptional,concen
exceptionally,concens
excite,concern
excited,concerned
excitedly,concerns
excitedness,concession
excitement,concessions
excites,condemn
exciting,condemnable
excitingly,condemnation
exellent,condemned
exemplar,condemns
exemplary,condescend
exhilarate,condescending
exhilarating,condescendingly
exhilaratingly,condescension
exhilaration,confess
exonerate,confession
expansive,confessions
expeditiously,confined
expertly,conflict
exquisite,conflicted
exquisitely,conflicting
extol,conflicts
extoll,confound
extraordinarily,confounded
extraordinary,confounding
exuberance,confront
exuberant,confrontation
exuberantly,confrontational
exult,confuse
exultant,confused
exultation,confuses
exultingly,confusing
eye-catch,confusion
eye-catching,confusions
eyecatch,congested
eyecatching,congestion
fabulous,cons
fabulously,conscons
facilitate,conservative
fair,conspicuous
fairly,conspicuously
fairness,conspiracies
faith,conspiracy
faithful,conspirator
faithfully,conspiratorial
faithfulness,conspire
fame,consternation
famed,contagious
famous,contaminate
famously,contaminated
fancier,contaminates
fancinating,contaminating
fancy,contamination
fanfare,contempt
fans,contemptible
fantastic,contemptuous
fantastically,contemptuously
fascinate,contend
fascinating,contention
fascinatingly,contentious
fascination,contort
fashionable,contortions
fashionably,contradict
fast,contradiction
fast-growing,contradictory
fast-paced,contrariness
faster,contravene
fastest,contrive
fastest-growing,contrived
faultless,controversial
fav,controversy
fave,convoluted
favor,corrode
favorable,corrosion
favored,corrosions
favorite,corrosive
favorited,corrupt
favour,corrupted
fearless,corrupting
fearlessly,corruption
feasible,corrupts
feasibly,corruptted
feat,costlier
feature-rich,costly
fecilitous,counter-productive
feisty,counterproductive
felicitate,coupists
felicitous,covetous
felicity,coward
fertile,cowardly
fervent,crabby
fervently,crack
fervid,cracked
fervidly,cracks
fervor,craftily
festive,craftly
fidelity,crafty
fiery,cramp
fine,cramped
fine-looking,cramping
finely,cranky
finer,crap
finest,crappy
firmer,craps
first-class,crash
first-in-class,crashed
first-rate,crashes
flashy,crashing
flatter,crass
flattering,craven
flatteringly,cravenly
flawless,craze
flawlessly,crazily
flexibility,craziness
flexible,crazy
flourish,creak
flourishing,creaking
fluent,creaks
flutter,credulous
fond,creep
fondly,creeping
fondness,creeps
foolproof,creepy
foremost,crept
foresight,crime
formidable,criminal
fortitude,cringe
fortuitous,cringed
fortuitously,cringes
fortunate,cripple
fortunately,crippled
fortune,cripples
fragrant,crippling
free,crisis
freed,critic
freedom,critical
freedoms,criticism
fresh,criticisms
fresher,criticize
freshest,criticized
friendliness,criticizing
friendly,critics
frolic,cronyism
frugal,crook
fruitful,crooked
ftw,crooks
fulfillment,crowded
fun,crowdedness
futurestic,crude
futuristic,cruel
gaiety,crueler
gaily,cruelest
gain,cruelly
gained,cruelness
gainful,cruelties
gainfully,cruelty
gaining,crumble
gains,crumbling
gallant,crummy
gallantly,crumple
galore,crumpled
geekier,crumples
geeky,crush
gem,crushed
gems,crushing
generosity,cry
generous,culpable
generously,culprit
genial,cumbersome
genius,cunt
gentle,cunts
gentlest,cuplrit
genuine,curse
gifted,cursed
glad,curses
gladden,curt
gladly,cuss
gladness,cussed
glamorous,cutthroat
glee,cynical
gleeful,cynicism
gleefully,d*mn
glimmer,damage
glimmering,damaged
glisten,damages
glistening,damaging
glitter,damn
glitz,damnable
glorify,damnably
glorious,damnation
gloriously,damned
glory,damning
glow,damper
glowing,danger
glowingly,dangerous
god-given,dangerousness
god-send,dark
godlike,darken
godsend,darkened
gold,darker
golden,darkness
good,dastard
goodly,dastardly
goodness,daunt
goodwill,daunting
goood,dauntingly
gooood,dawdle
gorgeous,daze
gorgeously,dazed
grace,dead
graceful,deadbeat
gracefully,deadlock
gracious,deadly
graciously,deadweight
graciousness,deaf
grand,dearth
grandeur,death
grateful,debacle
gratefully,debase
gratification,debasement
gratified,debaser
gratifies,debatable
gratify,debauch
gratifying,debaucher
gratifyingly,debauchery
gratitude,debilitate
great,debilitating
greatest,debility
greatness,debt
grin,debts
groundbreaking,decadence
guarantee,decadent
guidance,decay
guiltless,decayed
gumption,deceit
gush,deceitful
gusto,deceitfully
gutsy,deceitfulness
hail,deceive
halcyon,deceiver
hale,deceivers
hallmark,deceiving
hallmarks,deception
hallowed,deceptive
handier,deceptively
handily,declaim
hands-down,decline
handsome,declines
handsomely,declining
handy,decrement
happier,decrepit
happily,decrepitude
happiness,decry
happy,defamation
hard-working,defamations
hardier,defamatory
hardy,defame
harmless,defect
harmonious,defective
harmoniously,defects
harmonize,defensive
harmony,defiance
headway,defiant
heal,defiantly
healthful,deficiencies
healthy,deficiency
hearten,deficient
heartening,defile
heartfelt,defiler
heartily,deform
heartwarming,deformed
heaven,defrauding
heavenly,defunct
helped,defy
helpful,degenerate
helping,degenerately
hero,degeneration
heroic,degradation
heroically,degrade
heroine,degrading
heroize,degradingly
heros,dehumanization
high-quality,dehumanize
high-spirited,deign
hilarious,deject
holy,dejected
homage,dejectedly
honest,dejection
honesty,delay
honor,delayed
honorable,delaying
honored,delays
honoring,delinquency
hooray,delinquent
hopeful,delirious
hospitable,delirium
hot,delude
hotcake,deluded
hotcakes,deluge
hottest,delusion
hug,delusional
humane,delusions
humble,demean
humility,demeaning
humor,demise
humorous,demolish
humorously,demolisher
humour,demon
humourous,demonic
ideal,demonize
idealize,demonized
ideally,demonizes
idol,demonizing
idolize,demoralize
idolized,demoralizing
idyllic,demoralizingly
illuminate,denial
illuminati,denied
illuminating,denies
illumine,denigrate
illustrious,denounce
ilu,dense
imaculate,dent
imaginative,dented
immaculate,dents
immaculately,denunciate
immense,denunciation
impartial,denunciations
impartiality,deny
impartially,denying
impassioned,deplete
impeccable,deplorable
impeccably,deplorably
important,deplore
impress,deploring
impressed,deploringly
impresses,deprave
impressive,depraved
impressively,depravedly
impressiveness,deprecate
improve,depress
improved,depressed
improvement,depressing
improvements,depressingly
improves,depression
improving,depressions
incredible,deprive
incredibly,deprived
indebted,deride
individualized,derision
indulgence,derisive
indulgent,derisively
industrious,derisiveness
inestimable,derogatory
inestimably,desecrate
inexpensive,desert
infallibility,desertion
infallible,desiccate
infallibly,desiccated
influential,desititute
ingenious,desolate
ingeniously,desolately
ingenuity,desolation
ingenuous,despair
ingenuously,despairing
innocuous,despairingly
innovation,desperate
innovative,desperately
inpressed,desperation
insightful,despicable
insightfully,despicably
inspiration,despise
inspirational,despised
inspire,despoil
inspiring,despoiler
instantly,despondence
instructive,despondency
instrumental,despondent
integral,despondently
integrated,despot
intelligence,despotic
intelligent,despotism
intelligible,destabilisation
interesting,destains
interests,destitute
intimacy,destitution
intimate,destroy
intricate,destroyer
intrigue,destruction
intriguing,destructive
intriguingly,desultory
intuitive,deter
invaluable,deteriorate
invaluablely,deteriorating
inventive,deterioration
invigorate,deterrent
invigorating,detest
invincibility,detestable
invincible,detestably
inviolable,detested
inviolate,detesting
invulnerable,detests
irreplaceable,detract
irreproachable,detracted
irresistible,detracting
irresistibly,detraction
issue-free,detracts
jaw-droping,detriment
jaw-dropping,detrimental
jollify,devastate
jolly,devastated
jovial,devastates
joy,devastating
joyful,devastatingly
joyfully,devastation
joyous,deviate
joyously,deviation
jubilant,devil
jubilantly,devilish
jubilate,devilishly
jubilation,devilment
jubiliant,devilry
judicious,devious
justly,deviously
keen,deviousness
keenly,devoid
keenness,diabolic
kid-friendly,diabolical
kindliness,diabolically
kindly,diametrically
kindness,diappointed
knowledgeable,diatribe
kudos,diatribes
large-capacity,dick
laud,dictator
laudable,dictatorial
laudably,die
lavish,die-hard
lavishly,died
law-abiding,dies
lawful,difficult
lawfully,difficulties
lead,difficulty
leading,diffidence
leads,dilapidated
lean,dilemma
led,dilly-dally
legendary,dim
leverage,dimmer
levity,din
liberate,ding
liberation,dings
liberty,dinky
lifesaver,dire
light-hearted,direly
lighter,direness
likable,dirt
like,dirtbag
liked,dirtbags
likes,dirts
liking,dirty
lionhearted,disable
lively,disabled
logical,disaccord
long-lasting,disadvantage
lovable,disadvantaged
lovably,disadvantageous
love,disadvantages
loved,disaffect
loveliness,disaffected
lovely,disaffirm
lover,disagree
loves,disagreeable
loving,disagreeably
low-cost,disagreed
low-price,disagreeing
low-priced,disagreement
low-risk,disagrees
lower-priced,disallow
loyal,disapointed
loyalty,disapointing
lucid,disapointment
lucidly,disappoint
luck,disappointed
luckier,disappointing
luckiest,disappointingly
luckiness,disappointment
lucky,disappointments
lucrative,disappoints
luminous,disapprobation
lush,disapproval
luster,disapprove
lustrous,disapproving
luxuriant,disarm
luxuriate,disarray
luxurious,disaster
luxuriously,disasterous
luxury,disastrous
lyrical,disastrously
magic,disavow
magical,disavowal
magnanimous,disbelief
magnanimously,disbelieve
magnificence,disbeliever
magnificent,disclaim
magnificently,discombobulate
majestic,discomfit
majesty,discomfititure
manageable,discomfort
maneuverable,discompose
marvel,disconcert
marveled,disconcerted
marvelled,disconcerting
marvellous,disconcertingly
marvelous,disconsolate
marvelously,disconsolately
marvelousness,disconsolation
marvels,discontent
master,discontented
masterful,discontentedly
masterfully,discontinued
masterpiece,discontinuity
masterpieces,discontinuous
masters,discord
mastery,discordance
matchless,discordant
mature,discountenance
maturely,discourage
maturity,discouragement
meaningful,discouraging
memorable,discouragingly
merciful,discourteous
mercifully,discourteously
mercy,discoutinous
merit,discredit
meritorious,discrepant
merrily,discriminate
merriment,discrimination
merriness,discriminatory
merry,disdain
mesmerize,disdained
mesmerized,disdainful
mesmerizes,disdainfully
mesmerizing,disfavor
mesmerizingly,disgrace
meticulous,disgraced
meticulously,disgraceful
mightily,disgracefully
mighty,disgruntle
mind-blowing,disgruntled
miracle,disgust
miracles,disgusted
miraculous,disgustedly
miraculously,disgustful
miraculousness,disgustfully
modern,disgusting
modest,disgustingly
modesty,dishearten
momentous,disheartening
monumental,dishearteningly
monumentally,dishonest
morality,dishonestly
motivated,dishonesty
multi-purpose,dishonor
navigable,dishonorable
neat,dishonorablely
neatest,disillusion
neatly,disillusioned
nice,disillusionment
nicely,disillusions
nicer,disinclination
nicest,disinclined
nifty,disingenuous
nimble,disingenuously
noble,disintegrate
nobly,disintegrated
noiseless,disintegrates
non-violence,disintegration
non-violent,disinterest
notably,disinterested
noteworthy,dislike
nourish,disliked
nourishing,dislikes
nourishment,disliking
novelty,dislocated
nurturing,disloyal
oasis,disloyalty
obsession,dismal
obsessions,dismally
obtainable,dismalness
openly,dismay
openness,dismayed
optimal,dismaying
optimism,dismayingly
optimistic,dismissive
opulent,dismissively
orderly,disobedience
originality,disobedient
outdo,disobey
outdone,disoobedient
outperform,disorder
outperformed,disordered
outperforming,disorderly
outperforms,disorganized
outshine,disorient
outshone,disoriented
outsmart,disown
outstanding,disparage
outstandingly,disparaging
outstrip,disparagingly
outwit,dispensable
ovation,dispirit
overjoyed,dispirited
overtake,dispiritedly
overtaken,dispiriting
overtakes,displace
overtaking,displaced
overtook,displease
overture,displeased
pain-free,displeasing
painless,displeasure
painlessly,disproportionate
palatial,disprove
pamper,disputable
pampered,dispute
pamperedly,disputed
pamperedness,disquiet
pampers,disquieting
panoramic,disquietingly
paradise,disquietude
paramount,disregard
pardon,disregardful
passion,disreputable
passionate,disrepute
passionately,disrespect
patience,disrespectable
patient,disrespectablity
patiently,disrespectful
patriot,disrespectfully
patriotic,disrespectfulness
peace,disrespecting
peaceable,disrupt
peaceful,disruption
peacefully,disruptive
peacekeepers,diss
peach,dissapointed
peerless,dissappointed
pep,dissappointing
pepped,dissatisfaction
pepping,dissatisfactory
peppy,dissatisfied
peps,dissatisfies
perfect,dissatisfy
perfection,dissatisfying
perfectly,dissed
permissible,dissemble
perseverance,dissembler
persevere,dissension
personages,dissent
personalized,dissenter
phenomenal,dissention
phenomenally,disservice
picturesque,disses
piety,dissidence
pinnacle,dissident
playful,dissidents
playfully,dissing
pleasant,dissocial
pleasantly,dissolute
pleased,dissolution
pleases,dissonance
pleasing,dissonant
pleasingly,dissonantly
pleasurable,dissuade
pleasurably,dissuasive
pleasure,distains
plentiful,distaste
pluses,distasteful
plush,distastefully
plusses,distort
poetic,distorted
poeticize,distortion
poignant,distorts
poise,distract
poised,distracting
polished,distraction
polite,distraught
politeness,distraughtly
popular,distraughtness
portable,distress
posh,distressed
positive,distressing
positively,distressingly
positives,distrust
powerful,distrustful
powerfully,distrusting
praise,disturb
praiseworthy,disturbance
praising,disturbed
pre-eminent,disturbing
precious,disturbingly
precise,disunity
precisely,disvalue
preeminent,divergent
prefer,divisive
preferable,divisively
preferably,divisiveness
prefered,dizzing
preferes,dizzingly
preferring,dizzy
prefers,doddering
premier,dodgey
prestige,dogged
prestigious,doggedly
prettily,dogmatic
pretty,doldrums
priceless,domineer
pride,domineering
principled,donside
privilege,doom
privileged,doomed
prize,doomsday
proactive,dope
problem-free,doubt
problem-solver,doubtful
prodigious,doubtfully
prodigiously,doubts
prodigy,douchbag
productive,douchebag
productively,douchebags
proficient,downbeat
proficiently,downcast
profound,downer
profoundly,downfall
profuse,downfallen
profusion,downgrade
progress,downhearted
progressive,downheartedly
prolific,downhill
prominence,downside
prominent,downsides
promise,downturn
promised,downturns
promises,drab
promising,draconian
promoter,draconic
prompt,drag
promptly,dragged
proper,dragging
properly,dragoon
propitious,drags
propitiously,drain
pros,drained
prosper,draining
prosperity,drains
prosperous,drastic
prospros,drastically
protect,drawback
protection,drawbacks
protective,dread
proud,dreadful
proven,dreadfully
proves,dreadfulness
providence,dreary
proving,dripped
prowess,dripping
prudence,drippy
prudent,drips
prudently,drones
punctual,droop
pure,droops
purify,drop-out
purposeful,drop-outs
quaint,dropout
qualified,dropouts
qualify,drought
quicker,drowning
quiet,drunk
quieter,drunkard
radiance,drunken
radiant,dubious
rapid,dubiously
rapport,dubitable
rapt,dud
rapture,dull
raptureous,dullard
raptureously,dumb
rapturous,dumbfound
rapturously,dump
rational,dumped
razor-sharp,dumping
reachable,dumps
readable,dunce
readily,dungeon
ready,dungeons
reaffirm,dupe
reaffirmation,dust
realistic,dusty
realizable,dwindling
reasonable,dying
reasonably,earsplitting
reasoned,eccentric
reassurance,eccentricity
reassure,effigy
receptive,effrontery
reclaim,egocentric
recomend,egomania
recommend,egotism
recommendation,egotistical
recommendations,egotistically
recommended,egregious
reconcile,egregiously
reconciliation,election-rigger
record-setting,elimination
recover,emaciated
recovery,emasculate
rectification,embarrass
rectify,embarrassing
rectifying,embarrassingly
redeem,embarrassment
redeeming,embattled
redemption,embroil
refine,embroiled
refined,embroilment
refinement,emergency
reform,emphatic
reformed,emphatically
reforming,emptiness
reforms,encroach
refresh,encroachment
refreshed,endanger
refreshing,enemies
refund,enemy
refunded,enervate
regal,enfeeble
regally,enflame
regard,engulf
rejoice,enjoin
rejoicing,enmity
rejoicingly,enrage
rejuvenate,enraged
rejuvenated,enraging
rejuvenating,enslave
relaxed,entangle
relent,entanglement
reliable,entrap
reliably,entrapment
relief,envious
relish,enviously
remarkable,enviousness
remarkably,epidemic
remedy,equivocal
remission,erase
remunerate,erode
renaissance,erodes
renewed,erosion
renown,err
renowned,errant
replaceable,erratic
reputable,erratically
reputation,erroneous
resilient,erroneously
resolute,error
resound,errors
resounding,eruptions
resourceful,escapade
resourcefulness,eschew
respect,estranged
respectable,evade
respectful,evasion
respectfully,evasive
respite,evil
resplendent,evildoer
responsibly,evils
responsive,eviscerate
restful,exacerbate
restored,exagerate
restructure,exagerated
restructured,exagerates
restructuring,exaggerate
retractable,exaggeration
revel,exasperate
revelation,exasperated
revere,exasperating
reverence,exasperatingly
reverent,exasperation
reverently,excessive
revitalize,excessively
revival,exclusion
revive,excoriate
revives,excruciating
revolutionary,excruciatingly
revolutionize,excuse
revolutionized,excuses
revolutionizes,execrate
reward,exhaust
rewarding,exhausted
rewardingly,exhaustion
rich,exhausts
richer,exhorbitant
richly,exhort
richness,exile
right,exorbitant
righten,exorbitantance
righteous,exorbitantly
righteously,expel
righteousness,expensive
rightful,expire
rightfully,expired
rightly,explode
rightness,exploit
risk-free,exploitation
robust,explosive
rock-star,expropriate
rock-stars,expropriation
rockstar,expulse
rockstars,expunge
romantic,exterminate
romantically,extermination
romanticize,extinguish
roomier,extort
roomy,extortion
rosy,extraneous
safe,extravagance
safely,extravagant
sagacity,extravagantly
sagely,extremism
saint,extremist
saintliness,extremists
saintly,eyesore
salutary,f**k
salute,fabricate
sane,fabrication
satisfactorily,facetious
satisfactory,facetiously
satisfied,fail
satisfies,failed
satisfy,failing
satisfying,fails
satisified,failure
saver,failures
savings,faint
savior,fainthearted
savvy,faithless
scenic,fake
seamless,fall
seasoned,fallacies
secure,fallacious
securely,fallaciously
selective,fallaciousness
self-determination,fallacy
self-respect,fallen
self-satisfaction,falling
self-sufficiency,fallout
self-sufficient,falls
sensation,FALSE
sensational,falsehood
sensationally,falsely
sensations,falsify
sensible,falter
sensibly,faltered
sensitive,famine
serene,famished
serenity,fanatic
sexy,fanatical
sharp,fanatically
sharper,fanaticism
sharpest,fanatics
shimmering,fanciful
shimmeringly,far-fetched
shine,farce
shiny,farcical
significant,farcical-yet-provocative
silent,farcically
simpler,farfetched
simplest,fascism
simplified,fascist
simplifies,fastidious
simplify,fastidiously
simplifying,fastuous
sincere,fat
sincerely,fat-cat
sincerity,fat-cats
skill,fatal
skilled,fatalistic
skillful,fatalistically
skillfully,fatally
slammin,fatcat
sleek,fatcats
slick,fateful
smart,fatefully
smarter,fathomless
smartest,fatigue
smartly,fatigued
smile,fatique
smiles,fatty
smiling,fatuity
smilingly,fatuous
smitten,fatuously
smooth,fault
smoother,faults
smoothes,faulty
smoothest,fawningly
smoothly,faze
snappy,fear
snazzy,fearful
sociable,fearfully
soft,fears
softer,fearsome
solace,feckless
solicitous,feeble
solicitously,feeblely
solid,feebleminded
solidarity,feign
soothe,feint
soothingly,fell
sophisticated,felon
soulful,felonious
soundly,ferociously
soundness,ferocity
spacious,fetid
sparkle,fever
sparkling,feverish
spectacular,fevers
spectacularly,fiasco
speedily,fib
speedy,fibber
spellbind,fickle
spellbinding,fiction
spellbindingly,fictional
spellbound,fictitious
spirited,fidget
spiritual,fidgety
splendid,fiend
splendidly,fiendish
splendor,fierce
spontaneous,figurehead
sporty,filth
spotless,filthy
sprightly,finagle
stability,finicky
stabilize,fissures
stable,fist
stainless,flabbergast
standout,flabbergasted
state-of-the-art,flagging
stately,flagrant
statuesque,flagrantly
staunch,flair
staunchly,flairs
staunchness,flak
steadfast,flake
steadfastly,flakey
steadfastness,flakieness
steadiest,flaking
steadiness,flaky
steady,flare
stellar,flares
stellarly,flareup
stimulate,flareups
stimulates,flat-out
stimulating,flaunt
stimulative,flaw
stirringly,flawed
straighten,flaws
straightforward,flee
streamlined,fleed
striking,fleeing
strikingly,fleer
striving,flees
strong,fleeting
stronger,flicering
strongest,flicker
stunned,flickering
stunning,flickers
stunningly,flighty
stupendous,flimflam
stupendously,flimsy
sturdier,flirt
sturdy,flirty
stylish,floored
stylishly,flounder
stylized,floundering
suave,flout
suavely,fluster
sublime,foe
subsidize,fool
subsidized,fooled
subsidizes,foolhardy
subsidizing,foolish
substantive,foolishly
succeed,foolishness
succeeded,forbid
succeeding,forbidden
succeeds,forbidding
succes,forceful
success,foreboding
successes,forebodingly
successful,forfeit
successfully,forged
suffice,forgetful
sufficed,forgetfully
suffices,forgetfulness
sufficient,forlorn
sufficiently,forlornly
suitable,forsake
sumptuous,forsaken
sumptuously,forswear
sumptuousness,foul
super,foully
superb,foulness
superbly,fractious
superior,fractiously
superiority,fracture
supple,fragile
support,fragmented
supported,frail
supporter,frantic
supporting,frantically
supportive,franticly
supports,fraud
supremacy,fraudulent
supreme,fraught
supremely,frazzle
supurb,frazzled
supurbly,freak
surmount,freaking
surpass,freakish
surreal,freakishly
survival,freaks
survivor,freeze
sustainability,freezes
sustainable,freezing
swank,frenetic
swankier,frenetically
swankiest,frenzied
swanky,frenzy
sweeping,fret
sweet,fretful
sweeten,frets
sweetheart,friction
sweetly,frictions
sweetness,fried
swift,friggin
swiftness,frigging
talent,fright
talented,frighten
talents,frightening
tantalize,frighteningly
tantalizing,frightful
tantalizingly,frightfully
tempt,frigid
tempting,frost
temptingly,frown
tenacious,froze
tenaciously,frozen
tenacity,fruitless
tender,fruitlessly
tenderly,frustrate
terrific,frustrated
terrifically,frustrates
thank,frustrating
thankful,frustratingly
thinner,frustration
thoughtful,frustrations
thoughtfully,fuck
thoughtfulness,fucking
thrift,fudge
thrifty,fugitive
thrill,full-blown
thrilled,fulminate
thrilling,fumble
thrillingly,fume
thrills,fumes
thrive,fundamentalism
thriving,funky
thumb-up,funnily
thumbs-up,funny
tickle,furious
tidy,furiously
time-honored,furor
timely,fury
tingle,fuss
titillate,fussy
titillating,fustigate
titillatingly,fusty
togetherness,futile
tolerable,futilely
toll-free,futility
top,fuzzy
top-notch,gabble
top-quality,gaff
topnotch,gaffe
tops,gainsay
tough,gainsayer
tougher,gall
toughest,galling
traction,gallingly
tranquil,galls
tranquility,gangster
transparent,gape
treasure,garbage
tremendously,garish
trendy,gasp
triumph,gauche
triumphal,gaudy
triumphant,gawk
triumphantly,gawky
trivially,geezer
trophy,genocide
trouble-free,get-rich
trump,ghastly
trumpet,ghetto
trust,ghosting
trusted,gibber
trusting,gibberish
trustingly,gibe
trustworthiness,giddy
trustworthy,gimmick
trusty,gimmicked
truthful,gimmicking
truthfully,gimmicks
truthfulness,gimmicky
twinkly,glare
ultra-crisp,glaringly
unabashed,glib
unabashedly,glibly
unaffected,glitch
unassailable,glitches
unbeatable,gloatingly
unbiased,gloom
unbound,gloomy
uncomplicated,glower
unconditional,glum
undamaged,glut
undaunted,gnawing
understandable,goad
undisputable,goading
undisputably,god-awful
undisputed,goof
unencumbered,goofy
unequivocal,goon
unequivocally,gossip
unfazed,graceless
unfettered,gracelessly
unforgettable,graft
unity,grainy
unlimited,grapple
unmatched,grate
unparalleled,grating
unquestionable,gravely
unquestionably,greasy
unreal,greed
unrestricted,greedy
unrivaled,grief
unselfish,grievance
unwavering,grievances
upbeat,grieve
upgradable,grieving
upgradeable,grievous
upgraded,grievously
upheld,grim
uphold,grimace
uplift,grind
uplifting,gripe
upliftingly,gripes
upliftment,grisly
upscale,gritty
usable,gross
useable,grossly
useful,grotesque
user-friendly,grouch
user-replaceable,grouchy
valiant,groundless
valiantly,grouse
valor,growl
valuable,grudge
variety,grudges
venerate,grudging
verifiable,grudgingly
veritable,gruesome
versatile,gruesomely
versatility,gruff
vibrant,grumble
vibrantly,grumpier
victorious,grumpiest
victory,grumpily
viewable,grumpish
vigilance,grumpy
vigilant,guile
virtue,guilt
virtuous,guiltily
virtuously,guilty
visionary,gullible
vivacious,gutless
vivid,gutter
vouch,hack
vouchsafe,hacks
warm,haggard
warmer,haggle
warmhearted,hairloss
warmly,halfhearted
warmth,halfheartedly
wealthy,hallucinate
welcome,hallucination
well,hamper
well-backlit,hampered
well-balanced,handicapped
well-behaved,hang
well-being,hangs
well-bred,haphazard
well-connected,hapless
well-educated,harangue
well-established,harass
well-informed,harassed
well-intentioned,harasses
well-known,harassment
well-made,harboring
well-managed,harbors
well-mannered,hard
well-positioned,hard-hit
well-received,hard-line
well-regarded,hard-liner
well-rounded,hardball
well-run,harden
well-wishers,hardened
wellbeing,hardheaded
whoa,hardhearted
wholeheartedly,hardliner
wholesome,hardliners
whooa,hardship
whoooa,hardships
wieldy,harm
willing,harmed
willingly,harmful
willingness,harms
win,harpy
windfall,harridan
winnable,harried
winner,harrow
winners,harsh
winning,harshly
wins,hasseling
wisdom,hassle
wise,hassled
wisely,hassles
witty,haste
won,hastily
wonder,hasty
wonderful,hate
wonderfully,hated
wonderous,hateful
wonderously,hatefully
wonders,hatefulness
wondrous,hater
woo,haters
work,hates
workable,hating
worked,hatred
works,haughtily
world-famous,haughty
worth,haunt
worth-while,haunting
worthiness,havoc
worthwhile,hawkish
worthy,haywire
wow,hazard
wowed,hazardous
wowing,haze
wows,hazy
yay,head-aches
youthful,headache
zeal,headaches
zenith,heartbreaker
zest,heartbreaking
zippy,heartbreakingly
,heartless
,heathen
,heavy-handed
,heavyhearted
,heck
,heckle
,heckled
,heckles
,hectic
,hedge
,hedonistic
,heedless
,hefty
,hegemonism
,hegemonistic
,hegemony
,heinous
,hell
,hell-bent
,hellion
,hells
,helpless
,helplessly
,helplessness
,heresy
,heretic
,heretical
,hesitant
,hestitant
,hideous
,hideously
,hideousness
,high-priced
,hiliarious
,hinder
,hindrance
,hiss
,hissed
,hissing
,ho-hum
,hoard
,hoax
,hobble
,hogs
,hollow
,hoodium
,hoodwink
,hooligan
,hopeless
,hopelessly
,hopelessness
,horde
,horrendous
,horrendously
,horrible
,horrid
,horrific
,horrified
,horrifies
,horrify
,horrifying
,horrifys
,hostage
,hostile
,hostilities
,hostility
,hotbeds
,hothead
,hotheaded
,hothouse
,hubris
,huckster
,hum
,humid
,humiliate
,humiliating
,humiliation
,humming
,hung
,hurt
,hurted
,hurtful
,hurting
,hurts
,hustler
,hype
,hypocricy
,hypocrisy
,hypocrite
,hypocrites
,hypocritical
,hypocritically
,hysteria
,hysteric
,hysterical
,hysterically
,hysterics
,idiocies
,idiocy
,idiot
,idiotic
,idiotically
,idiots
,idle
,ignoble
,ignominious
,ignominiously
,ignominy
,ignorance
,ignorant
,ignore
,ill-advised
,ill-conceived
,ill-defined
,ill-designed
,ill-fated
,ill-favored
,ill-formed
,ill-mannered
,ill-natured
,ill-sorted
,ill-tempered
,ill-treated
,ill-treatment
,ill-usage
,ill-used
,illegal
,illegally
,illegitimate
,illicit
,illiterate
,illness
,illogic
,illogical
,illogically
,illusion
,illusions
,illusory
,imaginary
,imbalance
,imbecile
,imbroglio
,immaterial
,immature
,imminence
,imminently
,immobilized
,immoderate
,immoderately
,immodest
,immoral
,immorality
,immorally
,immovable
,impair
,impaired
,impasse
,impatience
,impatient
,impatiently
,impeach
,impedance
,impede
,impediment
,impending
,impenitent
,imperfect
,imperfection
,imperfections
,imperfectly
,imperialist
,imperil
,imperious
,imperiously
,impermissible
,impersonal
,impertinent
,impetuous
,impetuously
,impiety
,impinge
,impious
,implacable
,implausible
,implausibly
,implicate
,implication
,implode
,impolite
,impolitely
,impolitic
,importunate
,importune
,impose
,imposers
,imposing
,imposition
,impossible
,impossiblity
,impossibly
,impotent
,impoverish
,impoverished
,impractical
,imprecate
,imprecise
,imprecisely
,imprecision
,imprison
,imprisonment
,improbability
,improbable
,improbably
,improper
,improperly
,impropriety
,imprudence
,imprudent
,impudence
,impudent
,impudently
,impugn
,impulsive
,impulsively
,impunity
,impure
,impurity
,inability
,inaccuracies
,inaccuracy
,inaccurate
,inaccurately
,inaction
,inactive
,inadequacy
,inadequate
,inadequately
,inadverent
,inadverently
,inadvisable
,inadvisably
,inane
,inanely
,inappropriate
,inappropriately
,inapt
,inaptitude
,inarticulate
,inattentive
,inaudible
,incapable
,incapably
,incautious
,incendiary
,incense
,incessant
,incessantly
,incite
,incitement
,incivility
,inclement
,incognizant
,incoherence
,incoherent
,incoherently
,incommensurate
,incomparable
,incomparably
,incompatability
,incompatibility
,incompatible
,incompetence
,incompetent
,incompetently
,incomplete
,incompliant
,incomprehensible
,incomprehension
,inconceivable
,inconceivably
,incongruous
,incongruously
,inconsequent
,inconsequential
,inconsequentially
,inconsequently
,inconsiderate
,inconsiderately
,inconsistence
,inconsistencies
,inconsistency
,inconsistent
,inconsolable
,inconsolably
,inconstant
,inconvenience
,inconveniently
,incorrect
,incorrectly
,incorrigible
,incorrigibly
,incredulous
,incredulously
,inculcate
,indecency
,indecent
,indecently
,indecision
,indecisive
,indecisively
,indecorum
,indefensible
,indelicate
,indeterminable
,indeterminably
,indeterminate
,indifference
,indifferent
,indigent
,indignant
,indignantly
,indignation
,indignity
,indiscernible
,indiscreet
,indiscreetly
,indiscretion
,indiscriminate
,indiscriminately
,indiscriminating
,indistinguishable
,indoctrinate
,indoctrination
,indolent
,indulge
,ineffective
,ineffectively
,ineffectiveness
,ineffectual
,ineffectually
,ineffectualness
,inefficacious
,inefficacy
,inefficiency
,inefficient
,inefficiently
,inelegance
,inelegant
,ineligible
,ineloquent
,ineloquently
,inept
,ineptitude
,ineptly
,inequalities
,inequality
,inequitable
,inequitably
,inequities
,inescapable
,inescapably
,inessential
,inevitable
,inevitably
,inexcusable
,inexcusably
,inexorable
,inexorably
,inexperience
,inexperienced
,inexpert
,inexpertly
,inexpiable
,inexplainable
,inextricable
,inextricably
,infamous
,infamously
,infamy
,infected
,infection
,infections
,inferior
,inferiority
,infernal
,infest
,infested
,infidel
,infidels
,infiltrator
,infiltrators
,infirm
,inflame
,inflammation
,inflammatory
,inflammed
,inflated
,inflationary
,inflexible
,inflict
,infraction
,infringe
,infringement
,infringements
,infuriate
,infuriated
,infuriating
,infuriatingly
,inglorious
,ingrate
,ingratitude
,inhibit
,inhibition
,inhospitable
,inhospitality
,inhuman
,inhumane
,inhumanity
,inimical
,inimically
,iniquitous
,iniquity
,injudicious
,injure
,injurious
,injury
,injustice
,injustices
,innuendo
,inoperable
,inopportune
,inordinate
,inordinately
,insane
,insanely
,insanity
,insatiable
,insecure
,insecurity
,insensible
,insensitive
,insensitively
,insensitivity
,insidious
,insidiously
,insignificance
,insignificant
,insignificantly
,insincere
,insincerely
,insincerity
,insinuate
,insinuating
,insinuation
,insociable
,insolence
,insolent
,insolently
,insolvent
,insouciance
,instability
,instable
,instigate
,instigator
,instigators
,insubordinate
,insubstantial
,insubstantially
,insufferable
,insufferably
,insufficiency
,insufficient
,insufficiently
,insular
,insult
,insulted
,insulting
,insultingly
,insults
,insupportable
,insupportably
,insurmountable
,insurmountably
,insurrection
,intefere
,inteferes
,intense
,interfere
,interference
,interferes
,intermittent
,interrupt
,interruption
,interruptions
,intimidate
,intimidating
,intimidatingly
,intimidation
,intolerable
,intolerablely
,intolerance
,intoxicate
,intractable
,intransigence
,intransigent
,intrude
,intrusion
,intrusive
,inundate
,inundated
,invader
,invalid
,invalidate
,invalidity
,invasive
,invective
,inveigle
,invidious
,invidiously
,invidiousness
,invisible
,involuntarily
,involuntary
,irascible
,irate
,irately
,ire
,irk
,irked
,irking
,irks
,irksome
,irksomely
,irksomeness
,irksomenesses
,ironic
,ironical
,ironically
,ironies
,irony
,irragularity
,irrational
,irrationalities
,irrationality
,irrationally
,irrationals
,irreconcilable
,irrecoverable
,irrecoverableness
,irrecoverablenesses
,irrecoverably
,irredeemable
,irredeemably
,irreformable
,irregular
,irregularity
,irrelevance
,irrelevant
,irreparable
,irreplacible
,irrepressible
,irresolute
,irresolvable
,irresponsible
,irresponsibly
,irretating
,irretrievable
,irreversible
,irritable
,irritably
,irritant
,irritate
,irritated
,irritating
,irritation
,irritations
,isolate
,isolated
,isolation
,issue
,issues
,itch
,itching
,itchy
,jabber
,jaded
,jagged
,jam
,jarring
,jaundiced
,jealous
,jealously
,jealousness
,jealousy
,jeer
,jeering
,jeeringly
,jeers
,jeopardize
,jeopardy
,jerk
,jerky
,jitter
,jitters
,jittery
,job-killing
,jobless
,joke
,joker
,jolt
,judder
,juddering
,judders
,jumpy
,junk
,junky
,junkyard
,jutter
,jutters
,kaput
,kill
,killed
,killer
,killing
,killjoy
,kills
,knave
,knife
,knock
,knotted
,kook
,kooky
,lack
,lackadaisical
,lacked
,lackey
,lackeys
,lacking
,lackluster
,lacks
,laconic
,lag
,lagged
,lagging
,laggy
,lags
,laid-off
,lambast
,lambaste
,lame
,lame-duck
,lament
,lamentable
,lamentably
,languid
,languish
,languor
,languorous
,languorously
,lanky
,lapse
,lapsed
,lapses
,lascivious
,last-ditch
,latency
,laughable
,laughably
,laughingstock
,lawbreaker
,lawbreaking
,lawless
,lawlessness
,layoff
,layoff-happy
,lazy
,leak
,leakage
,leakages
,leaking
,leaks
,leaky
,lech
,lecher
,lecherous
,lechery
,leech
,leer
,leery
,left-leaning
,lemon
,lengthy
,less-developed
,lesser-known
,letch
,lethal
,lethargic
,lethargy
,lewd
,lewdly
,lewdness
,liability
,liable
,liar
,liars
,licentious
,licentiously
,licentiousness
,lie
,lied
,lier
,lies
,life-threatening
,lifeless
,limit
,limitation
,limitations
,limited
,limits
,limp
,listless
,litigious
,little-known
,livid
,lividly
,loath
,loathe
,loathing
,loathly
,loathsome
,loathsomely
,lone
,loneliness
,lonely
,loner
,lonesome
,long-time
,long-winded
,longing
,longingly
,loophole
,loopholes
,loose
,loot
,lorn
,lose
,loser
,losers
,loses
,losing
,loss
,losses
,lost
,loud
,louder
,lousy
,loveless
,lovelorn
,low-rated
,lowly
,ludicrous
,ludicrously
,lugubrious
,lukewarm
,lull
,lumpy
,lunatic
,lunaticism
,lurch
,lure
,lurid
,lurk
,lurking
,lying
,macabre
,mad
,madden
,maddening
,maddeningly
,madder
,madly
,madman
,madness
,maladjusted
,maladjustment
,malady
,malaise
,malcontent
,malcontented
,maledict
,malevolence
,malevolent
,malevolently
,malice
,malicious
,maliciously
,maliciousness
,malign
,malignant
,malodorous
,maltreatment
,mangle
,mangled
,mangles
,mangling
,mania
,maniac
,maniacal
,manic
,manipulate
,manipulation
,manipulative
,manipulators
,mar
,marginal
,marginally
,martyrdom
,martyrdom-seeking
,mashed
,massacre
,massacres
,matte
,mawkish
,mawkishly
,mawkishness
,meager
,meaningless
,meanness
,measly
,meddle
,meddlesome
,mediocre
,mediocrity
,melancholy
,melodramatic
,melodramatically
,meltdown
,menace
,menacing
,menacingly
,mendacious
,mendacity
,menial
,merciless
,mercilessly
,mess
,messed
,messes
,messing
,messy
,midget
,miff
,militancy
,mindless
,mindlessly
,mirage
,mire
,misalign
,misaligned
,misaligns
,misapprehend
,misbecome
,misbecoming
,misbegotten
,misbehave
,misbehavior
,miscalculate
,miscalculation
,miscellaneous
,mischief
,mischievous
,mischievously
,misconception
,misconceptions
,miscreant
,miscreants
,misdirection
,miser
,miserable
,miserableness
,miserably
,miseries
,miserly
,misery
,misfit
,misfortune
,misgiving
,misgivings
,misguidance
,misguide
,misguided
,mishandle
,mishap
,misinform
,misinformed
,misinterpret
,misjudge
,misjudgment
,mislead
,misleading
,misleadingly
,mislike
,mismanage
,mispronounce
,mispronounced
,mispronounces
,misread
,misreading
,misrepresent
,misrepresentation
,miss
,missed
,misses
,misstatement
,mist
,mistake
,mistaken
,mistakenly
,mistakes
,mistified
,mistress
,mistrust
,mistrustful
,mistrustfully
,mists
,misunderstand
,misunderstanding
,misunderstandings
,misunderstood
,misuse
,moan
,mobster
,mock
,mocked
,mockeries
,mockery
,mocking
,mockingly
,mocks
,molest
,molestation
,monotonous
,monotony
,monster
,monstrosities
,monstrosity
,monstrous
,monstrously
,moody
,moot
,mope
,morbid
,morbidly
,mordant
,mordantly
,moribund
,moron
,moronic
,morons
,mortification
,mortified
,mortify
,mortifying
,motionless
,motley
,mourn
,mourner
,mournful
,mournfully
,muddle
,muddy
,mudslinger
,mudslinging
,mulish
,multi-polarization
,mundane
,murder
,murderer
,murderous
,murderously
,murky
,muscle-flexing
,mushy
,musty
,mysterious
,mysteriously
,mystery
,mystify
,myth
,nag
,nagging
,naive
,naively
,narrower
,nastily
,nastiness
,nasty
,naughty
,nauseate
,nauseates
,nauseating
,nauseatingly
,naÃ”ve
,nebulous
,nebulously
,needless
,needlessly
,needy
,nefarious
,nefariously
,negate
,negation
,negative
,negatives
,negativity
,neglect
,neglected
,negligence
,negligent
,nemesis
,nepotism
,nervous
,nervously
,nervousness
,nettle
,nettlesome
,neurotic
,neurotically
,niggle
,niggles
,nightmare
,nightmarish
,nightmarishly
,nitpick
,nitpicking
,noise
,noises
,noisier
,noisy
,non-confidence
,nonexistent
,nonresponsive
,nonsense
,nosey
,notoriety
,notorious
,notoriously
,noxious
,nuisance
,numb
,obese
,object
,objection
,objectionable
,objections
,oblique
,obliterate
,obliterated
,oblivious
,obnoxious
,obnoxiously
,obscene
,obscenely
,obscenity
,obscure
,obscured
,obscures
,obscurity
,obsess
,obsessive
,obsessively
,obsessiveness
,obsolete
,obstacle
,obstinate
,obstinately
,obstruct
,obstructed
,obstructing
,obstruction
,obstructs
,obtrusive
,obtuse
,occlude
,occluded
,occludes
,occluding
,odd
,odder
,oddest
,oddities
,oddity
,oddly
,odor
,offence
,offend
,offender
,offending
,offenses
,offensive
,offensively
,offensiveness
,officious
,ominous
,ominously
,omission
,omit
,one-sided
,onerous
,onerously
,onslaught
,opinionated
,opponent
,opportunistic
,oppose
,opposition
,oppositions
,oppress
,oppression
,oppressive
,oppressively
,oppressiveness
,oppressors
,ordeal
,orphan
,ostracize
,outbreak
,outburst
,outbursts
,outcast
,outcry
,outlaw
,outmoded
,outrage
,outraged
,outrageous
,outrageously
,outrageousness
,outrages
,outsider
,over-acted
,over-awe
,over-balanced
,over-hyped
,over-priced
,over-valuation
,overact
,overacted
,overawe
,overbalance
,overbalanced
,overbearing
,overbearingly
,overblown
,overdo
,overdone
,overdue
,overemphasize
,overheat
,overkill
,overloaded
,overlook
,overpaid
,overpayed
,overplay
,overpower
,overpriced
,overrated
,overreach
,overrun
,overshadow
,oversight
,oversights
,oversimplification
,oversimplified
,oversimplify
,oversize
,overstate
,overstated
,overstatement
,overstatements
,overstates
,overtaxed
,overthrow
,overthrows
,overturn
,overweight
,overwhelm
,overwhelmed
,overwhelming
,overwhelmingly
,overwhelms
,overzealous
,overzealously
,overzelous
,pain
,painful
,painfull
,painfully
,pains
,pale
,pales
,paltry
,pan
,pandemonium
,pander
,pandering
,panders
,panic
,panick
,panicked
,panicking
,panicky
,paradoxical
,paradoxically
,paralize
,paralyzed
,paranoia
,paranoid
,parasite
,pariah
,parody
,partiality
,partisan
,partisans
,passe
,passive
,passiveness
,pathetic
,pathetically
,patronize
,paucity
,pauper
,paupers
,payback
,peculiar
,peculiarly
,pedantic
,peeled
,peeve
,peeved
,peevish
,peevishly
,penalize
,penalty
,perfidious
,perfidity
,perfunctory
,peril
,perilous
,perilously
,perish
,pernicious
,perplex
,perplexed
,perplexing
,perplexity
,persecute
,persecution
,pertinacious
,pertinaciously
,pertinacity
,perturb
,perturbed
,pervasive
,perverse
,perversely
,perversion
,perversity
,pervert
,perverted
,perverts
,pessimism
,pessimistic
,pessimistically
,pest
,pestilent
,petrified
,petrify
,pettifog
,petty
,phobia
,phobic
,phony
,picket
,picketed
,picketing
,pickets
,picky
,pig
,pigs
,pillage
,pillory
,pimple
,pinch
,pique
,pitiable
,pitiful
,pitifully
,pitiless
,pitilessly
,pittance
,pity
,plagiarize
,plague
,plasticky
,plaything
,plea
,pleas
,plebeian
,plight
,plot
,plotters
,ploy
,plunder
,plunderer
,pointless
,pointlessly
,poison
,poisonous
,poisonously
,pokey
,poky
,polarisation
,polemize
,pollute
,polluter
,polluters
,polution
,pompous
,poor
,poorer
,poorest
,poorly
,posturing
,pout
,poverty
,powerless
,prate
,pratfall
,prattle
,precarious
,precariously
,precipitate
,precipitous
,predatory
,predicament
,prejudge
,prejudice
,prejudices
,prejudicial
,premeditated
,preoccupy
,preposterous
,preposterously
,presumptuous
,presumptuously
,pretence
,pretend
,pretense
,pretentious
,pretentiously
,prevaricate
,pricey
,pricier
,prick
,prickle
,prickles
,prideful
,prik
,primitive
,prison
,prisoner
,problem
,problematic
,problems
,procrastinate
,procrastinates
,procrastination
,profane
,profanity
,prohibit
,prohibitive
,prohibitively
,propaganda
,propagandize
,proprietary
,prosecute
,protest
,protested
,protesting
,protests
,protracted
,provocation
,provocative
,provoke
,pry
,pugnacious
,pugnaciously
,pugnacity
,punch
,punish
,punishable
,punitive
,punk
,puny
,puppet
,puppets
,puzzled
,puzzlement
,puzzling
,quack
,qualm
,qualms
,quandary
,quarrel
,quarrellous
,quarrellously
,quarrels
,quarrelsome
,quash
,queer
,questionable
,quibble
,quibbles
,quitter
,rabid
,racism
,racist
,racists
,racy
,radical
,radicalization
,radically
,radicals
,rage
,ragged
,raging
,rail
,raked
,rampage
,rampant
,ramshackle
,rancor
,randomly
,rankle
,rant
,ranted
,ranting
,rantingly
,rants
,rape
,raped
,raping
,rascal
,rascals
,rash
,rattle
,rattled
,rattles
,ravage
,raving
,reactionary
,rebellious
,rebuff
,rebuke
,recalcitrant
,recant
,recession
,recessionary
,reckless
,recklessly
,recklessness
,recoil
,recourses
,redundancy
,redundant
,refusal
,refuse
,refused
,refuses
,refusing
,refutation
,refute
,refuted
,refutes
,refuting
,regress
,regression
,regressive
,regret
,regreted
,regretful
,regretfully
,regrets
,regrettable
,regrettably
,regretted
,reject
,rejected
,rejecting
,rejection
,rejects
,relapse
,relentless
,relentlessly
,relentlessness
,reluctance
,reluctant
,reluctantly
,remorse
,remorseful
,remorsefully
,remorseless
,remorselessly
,remorselessness
,renounce
,renunciation
,repel
,repetitive
,reprehensible
,reprehensibly
,reprehension
,reprehensive
,repress
,repression
,repressive
,reprimand
,reproach
,reproachful
,reprove
,reprovingly
,repudiate
,repudiation
,repugn
,repugnance
,repugnant
,repugnantly
,repulse
,repulsed
,repulsing
,repulsive
,repulsively
,repulsiveness
,resent
,resentful
,resentment
,resignation
,resigned
,resistance
,restless
,restlessness
,restrict
,restricted
,restriction
,restrictive
,resurgent
,retaliate
,retaliatory
,retard
,retarded
,retardedness
,retards
,reticent
,retract
,retreat
,retreated
,revenge
,revengeful
,revengefully
,revert
,revile
,reviled
,revoke
,revolt
,revolting
,revoltingly
,revulsion
,revulsive
,rhapsodize
,rhetoric
,rhetorical
,ricer
,ridicule
,ridicules
,ridiculous
,ridiculously
,rife
,rift
,rifts
,rigid
,rigidity
,rigidness
,rile
,riled
,rip
,rip-off
,ripoff
,ripped
,risk
,risks
,risky
,rival
,rivalry
,roadblocks
,rocky
,rogue
,rollercoaster
,rot
,rotten
,rough
,rremediable
,rubbish
,rude
,rue
,ruffian
,ruffle
,ruin
,ruined
,ruining
,ruinous
,ruins
,rumbling
,rumor
,rumors
,rumours
,rumple
,run-down
,runaway
,rupture
,rust
,rusts
,rusty
,rut
,ruthless
,ruthlessly
,ruthlessness
,ruts
,sabotage
,sack
,sacrificed
,sad
,sadden
,sadly
,sadness
,sag
,sagged
,sagging
,saggy
,sags
,salacious
,sanctimonious
,sap
,sarcasm
,sarcastic
,sarcastically
,sardonic
,sardonically
,sass
,satirical
,satirize
,savage
,savaged
,savagery
,savages
,scaly
,scam
,scams
,scandal
,scandalize
,scandalized
,scandalous
,scandalously
,scandals
,scandel
,scandels
,scant
,scapegoat
,scar
,scarce
,scarcely
,scarcity
,scare
,scared
,scarier
,scariest
,scarily
,scarred
,scars
,scary
,scathing
,scathingly
,sceptical
,scoff
,scoffingly
,scold
,scolded
,scolding
,scoldingly
,scorching
,scorchingly
,scorn
,scornful
,scornfully
,scoundrel
,scourge
,scowl
,scramble
,scrambled
,scrambles
,scrambling
,scrap
,scratch
,scratched
,scratches
,scratchy
,scream
,screech
,screw-up
,screwed
,screwed-up
,screwy
,scuff
,scuffs
,scum
,scummy
,second-class
,second-tier
,secretive
,sedentary
,seedy
,seethe
,seething
,self-coup
,self-criticism
,self-defeating
,self-destructive
,self-humiliation
,self-interest
,self-interested
,self-serving
,selfinterested
,selfish
,selfishly
,selfishness
,semi-retarded
,senile
,sensationalize
,senseless
,senselessly
,seriousness
,sermonize
,servitude
,set-up
,setback
,setbacks
,sever
,severe
,severity
,sh*t
,shabby
,shadowy
,shady
,shake
,shaky
,shallow
,sham
,shambles
,shame
,shameful
,shamefully
,shamefulness
,shameless
,shamelessly
,shamelessness
,shark
,sharply
,shatter
,shemale
,shimmer
,shimmy
,shipwreck
,shirk
,shirker
,shit
,shiver
,shock
,shocked
,shocking
,shockingly
,shoddy
,short-lived
,shortage
,shortchange
,shortcoming
,shortcomings
,shortness
,shortsighted
,shortsightedness
,showdown
,shrew
,shriek
,shrill
,shrilly
,shrivel
,shroud
,shrouded
,shrug
,shun
,shunned
,sick
,sicken
,sickening
,sickeningly
,sickly
,sickness
,sidetrack
,sidetracked
,siege
,sillily
,silly
,simplistic
,simplistically
,sin
,sinful
,sinfully
,sinister
,sinisterly
,sink
,sinking
,skeletons
,skeptic
,skeptical
,skeptically
,skepticism
,sketchy
,skimpy
,skinny
,skittish
,skittishly
,skulk
,slack
,slander
,slanderer
,slanderous
,slanderously
,slanders
,slap
,slashing
,slaughter
,slaughtered
,slave
,slaves
,sleazy
,slime
,slog
,slogged
,slogging
,slogs
,sloooooooooooooow
,sloooow
,slooow
,sloow
,sloppily
,sloppy
,sloth
,slothful
,slow
,slow-moving
,slowed
,slower
,slowest
,slowly
,sloww
,slowww
,slowwww
,slug
,sluggish
,slump
,slumping
,slumpping
,slur
,slut
,sluts
,sly
,smack
,smallish
,smash
,smear
,smell
,smelled
,smelling
,smells
,smelly
,smelt
,smoke
,smokescreen
,smolder
,smoldering
,smother
,smoulder
,smouldering
,smudge
,smudged
,smudges
,smudging
,smug
,smugly
,smut
,smuttier
,smuttiest
,smutty
,snag
,snagged
,snagging
,snags
,snappish
,snappishly
,snare
,snarky
,snarl
,sneak
,sneakily
,sneaky
,sneer
,sneering
,sneeringly
,snob
,snobbish
,snobby
,snobish
,snobs
,snub
,so-cal
,soapy
,sob
,sober
,sobering
,solemn
,solicitude
,somber
,sore
,sorely
,soreness
,sorrow
,sorrowful
,sorrowfully
,sorry
,sour
,sourly
,spade
,spank
,spendy
,spew
,spewed
,spewing
,spews
,spilling
,spinster
,spiritless
,spite
,spiteful
,spitefully
,spitefulness
,splatter
,split
,splitting
,spoil
,spoilage
,spoilages
,spoiled
,spoilled
,spoils
,spook
,spookier
,spookiest
,spookily
,spooky
,spoon-fed
,spoon-feed
,spoonfed
,sporadic
,spotty
,spurious
,spurn
,sputter
,squabble
,squabbling
,squander
,squash
,squeak
,squeaks
,squeaky
,squeal
,squealing
,squeals
,squirm
,stab
,stagnant
,stagnate
,stagnation
,staid
,stain
,stains
,stale
,stalemate
,stall
,stalls
,stammer
,stampede
,standstill
,stark
,starkly
,startle
,startling
,startlingly
,starvation
,starve
,static
,steal
,stealing
,steals
,steep
,steeply
,stench
,stereotype
,stereotypical
,stereotypically
,stern
,stew
,sticky
,stiff
,stiffness
,stifle
,stifling
,stiflingly
,stigma
,stigmatize
,sting
,stinging
,stingingly
,stingy
,stink
,stinks
,stodgy
,stole
,stolen
,stooge
,stooges
,stormy
,straggle
,straggler
,strain
,strained
,straining
,strange
,strangely
,stranger
,strangest
,strangle
,streaky
,strenuous
,stress
,stresses
,stressful
,stressfully
,stricken
,strict
,strictly
,strident
,stridently
,strife
,strike
,stringent
,stringently
,struck
,struggle
,struggled
,struggles
,struggling
,strut
,stubborn
,stubbornly
,stubbornness
,stuck
,stuffy
,stumble
,stumbled
,stumbles
,stump
,stumped
,stumps
,stun
,stunt
,stunted
,stupid
,stupidest
,stupidity
,stupidly
,stupified
,stupify
,stupor
,stutter
,stuttered
,stuttering
,stutters
,sty
,stymied
,sub-par
,subdued
,subjected
,subjection
,subjugate
,subjugation
,submissive
,subordinate
,subpoena
,subpoenas
,subservience
,subservient
,substandard
,subtract
,subversion
,subversive
,subversively
,subvert
,succumb
,suck
,sucked
,sucker
,sucks
,sucky
,sue
,sued
,sueing
,sues
,suffer
,suffered
,sufferer
,sufferers
,suffering
,suffers
,suffocate
,sugar-coat
,sugar-coated
,sugarcoated
,suicidal
,suicide
,sulk
,sullen
,sully
,sunder
,sunk
,sunken
,superficial
,superficiality
,superficially
,superfluous
,superstition
,superstitious
,suppress
,suppression
,surrender
,susceptible
,suspect
,suspicion
,suspicions
,suspicious
,suspiciously
,swagger
,swamped
,sweaty
,swelled
,swelling
,swindle
,swipe
,swollen
,symptom
,symptoms
,syndrome
,taboo
,tacky
,taint
,tainted
,tamper
,tangle
,tangled
,tangles
,tank
,tanked
,tanks
,tantrum
,tardy
,tarnish
,tarnished
,tarnishes
,tarnishing
,tattered
,taunt
,taunting
,tauntingly
,taunts
,taut
,tawdry
,taxing
,tease
,teasingly
,tedious
,tediously
,temerity
,temper
,tempest
,temptation
,tenderness
,tense
,tension
,tentative
,tentatively
,tenuous
,tenuously
,tepid
,terrible
,terribleness
,terribly
,terror
,terror-genic
,terrorism
,terrorize
,testily
,testy
,tetchily
,tetchy
,thankless
,thicker
,thirst
,thorny
,thoughtless
,thoughtlessly
,thoughtlessness
,thrash
,threat
,threaten
,threatening
,threats
,threesome
,throb
,throbbed
,throbbing
,throbs
,throttle
,thug
,thumb-down
,thumbs-down
,thwart
,time-consuming
,timid
,timidity
,timidly
,timidness
,tin-y
,tingled
,tingling
,tired
,tiresome
,tiring
,tiringly
,toil
,toll
,top-heavy
,topple
,torment
,tormented
,torrent
,tortuous
,torture
,tortured
,tortures
,torturing
,torturous
,torturously
,totalitarian
,touchy
,toughness
,tout
,touted
,touts
,toxic
,traduce
,tragedy
,tragic
,tragically
,traitor
,traitorous
,traitorously
,tramp
,trample
,transgress
,transgression
,trap
,traped
,trapped
,trash
,trashed
,trashy
,trauma
,traumatic
,traumatically
,traumatize
,traumatized
,travesties
,travesty
,treacherous
,treacherously
,treachery
,treason
,treasonous
,trick
,tricked
,trickery
,tricky
,trivial
,trivialize
,trouble
,troubled
,troublemaker
,troubles
,troublesome
,troublesomely
,troubling
,troublingly
,truant
,tumble
,tumbled
,tumbles
,tumultuous
,turbulent
,turmoil
,twist
,twisted
,twists
,two-faced
,two-faces
,tyrannical
,tyrannically
,tyranny
,tyrant
,ugh
,uglier
,ugliest
,ugliness
,ugly
,ulterior
,ultimatum
,ultimatums
,ultra-hardline
,un-viewable
,unable
,unacceptable
,unacceptablely
,unacceptably
,unaccessible
,unaccustomed
,unachievable
,unaffordable
,unappealing
,unattractive
,unauthentic
,unavailable
,unavoidably
,unbearable
,unbearablely
,unbelievable
,unbelievably
,uncaring
,uncertain
,uncivil
,uncivilized
,unclean
,unclear
,uncollectible
,uncomfortable
,uncomfortably
,uncomfy
,uncompetitive
,uncompromising
,uncompromisingly
,unconfirmed
,unconstitutional
,uncontrolled
,unconvincing
,unconvincingly
,uncooperative
,uncouth
,uncreative
,undecided
,undefined
,undependability
,undependable
,undercut
,undercuts
,undercutting
,underdog
,underestimate
,underlings
,undermine
,undermined
,undermines
,undermining
,underpaid
,underpowered
,undersized
,undesirable
,undetermined
,undid
,undignified
,undissolved
,undocumented
,undone
,undue
,unease
,uneasily
,uneasiness
,uneasy
,uneconomical
,unemployed
,unequal
,unethical
,uneven
,uneventful
,unexpected
,unexpectedly
,unexplained
,unfairly
,unfaithful
,unfaithfully
,unfamiliar
,unfavorable
,unfeeling
,unfinished
,unfit
,unforeseen
,unforgiving
,unfortunate
,unfortunately
,unfounded
,unfriendly
,unfulfilled
,unfunded
,ungovernable
,ungrateful
,unhappily
,unhappiness
,unhappy
,unhealthy
,unhelpful
,unilateralism
,unimaginable
,unimaginably
,unimportant
,uninformed
,uninsured
,unintelligible
,unintelligile
,unipolar
,unjust
,unjustifiable
,unjustifiably
,unjustified
,unjustly
,unkind
,unkindly
,unknown
,unlamentable
,unlamentably
,unlawful
,unlawfully
,unlawfulness
,unleash
,unlicensed
,unlikely
,unlucky
,unmoved
,unnatural
,unnaturally
,unnecessary
,unneeded
,unnerve
,unnerved
,unnerving
,unnervingly
,unnoticed
,unobserved
,unorthodox
,unorthodoxy
,unpleasant
,unpleasantries
,unpopular
,unpredictable
,unprepared
,unproductive
,unprofitable
,unprove
,unproved
,unproven
,unproves
,unproving
,unqualified
,unravel
,unraveled
,unreachable
,unreadable
,unrealistic
,unreasonable
,unreasonably
,unrelenting
,unrelentingly
,unreliability
,unreliable
,unresolved
,unresponsive
,unrest
,unruly
,unsafe
,unsatisfactory
,unsavory
,unscrupulous
,unscrupulously
,unsecure
,unseemly
,unsettle
,unsettled
,unsettling
,unsettlingly
,unskilled
,unsophisticated
,unsound
,unspeakable
,unspeakablely
,unspecified
,unstable
,unsteadily
,unsteadiness
,unsteady
,unsuccessful
,unsuccessfully
,unsupported
,unsupportive
,unsure
,unsuspecting
,unsustainable
,untenable
,untested
,unthinkable
,unthinkably
,untimely
,untouched
,untrue
,untrustworthy
,untruthful
,unusable
,unusably
,unuseable
,unuseably
,unusual
,unusually
,unviewable
,unwanted
,unwarranted
,unwatchable
,unwelcome
,unwell
,unwieldy
,unwilling
,unwillingly
,unwillingness
,unwise
,unwisely
,unworkable
,unworthy
,unyielding
,upbraid
,upheaval
,uprising
,uproar
,uproarious
,uproariously
,uproarous
,uproarously
,uproot
,upset
,upseting
,upsets
,upsetting
,upsettingly
,urgent
,useless
,usurp
,usurper
,utterly
,vagrant
,vague
,vagueness
,vain
,vainly
,vanity
,vehement
,vehemently
,vengeance
,vengeful
,vengefully
,vengefulness
,venom
,venomous
,venomously
,vent
,vestiges
,vex
,vexation
,vexing
,vexingly
,vibrate
,vibrated
,vibrates
,vibrating
,vibration
,vice
,vicious
,viciously
,viciousness
,victimize
,vile
,vileness
,vilify
,villainous
,villainously
,villains
,villian
,villianous
,villianously
,villify
,vindictive
,vindictively
,vindictiveness
,violate
,violation
,violator
,violators
,violent
,violently
,viper
,virulence
,virulent
,virulently
,virus
,vociferous
,vociferously
,volatile
,volatility
,vomit
,vomited
,vomiting
,vomits
,vulgar
,vulnerable
,wack
,wail
,wallow
,wane
,waning
,wanton
,war-like
,warily
,wariness
,warlike
,warned
,warning
,warp
,warped
,wary
,washed-out
,waste
,wasted
,wasteful
,wastefulness
,wasting
,water-down
,watered-down
,wayward
,weak
,weaken
,weakening
,weaker
,weakness
,weaknesses
,weariness
,wearisome
,weary
,wedge
,weed
,weep
,weird
,weirdly
,wheedle
,whimper
,whine
,whining
,whiny
,whips
,whore
,whores
,wicked
,wickedly
,wickedness
,wild
,wildly
,wiles
,wilt
,wily
,wimpy
,wince
,wobble
,wobbled
,wobbles
,woe
,woebegone
,woeful
,woefully
,womanizer
,womanizing
,worn
,worried
,worriedly
,worrier
,worries
,worrisome
,worry
,worrying
,worryingly
,worse
,worsen
,worsening
,worst
,worthless
,worthlessly
,worthlessness
,wound
,wounds
,wrangle
,wrath
,wreak
,wreaked
,wreaks
,wreck
,wrest
,wrestle
,wretch
,wretched
,wretchedly
,wretchedness
,wrinkle
,wrinkled
,wrinkles
,wrip
,wripped
,wripping
,writhe
,wrong
,wrongful
,wrongly
,wrought
,yawn
,zap
,zapped
,zaps
,zealot
,zealous
,zealously
,zombie
